time_resource,no_of_simulations
0.1,33
0.1,34
0.1,56
0.1,53
0.1,68
0.1,71
0.1,76
0.1,58
0.1,58
0.1,76
0.1,77
0.1,77
0.1,73
0.1,82
0.1,81
0.1,89
0.1,93
0.1,94
0.1,39
0.1,40
0.1,65
0.1,70
0.1,67
0.1,75
0.1,78
0.1,84
0.1,84
0.1,79
0.1,85
0.1,86
0.1,89
0.1,83
0.1,83
0.1,34
0.1,33
0.1,62
0.1,58
0.1,65
0.1,65
0.1,77
0.1,73
0.1,69
0.1,77
0.1,68
0.1,80
0.1,81
0.1,76
0.1,77
0.1,81
0.1,92
0.1,94
0.1,38
0.1,38
0.1,65
0.1,68
0.1,67
0.1,76
0.1,81
0.1,80
0.1,80
0.1,82
0.1,81
0.1,81
0.1,83
0.1,94
0.1,96
0.1,33
0.1,30
0.1,64
0.1,65
0.1,73
0.1,71
0.1,71
0.1,60
0.1,71
0.1,81
0.1,79
0.1,73
0.1,82
0.1,90
0.1,90
0.1,88
0.1,81
0.1,93
0.1,40
0.1,39
0.1,66
0.1,70
0.1,70
0.1,75
0.1,82
0.1,79
0.1,85
0.1,80
0.1,81
0.1,90
0.1,94
0.1,93
0.1,102
0.1,34
0.1,33
0.1,60
0.1,55
0.1,63
0.1,78
0.1,70
0.1,69
0.1,76
0.1,74
0.1,84
0.1,87
0.1,85
0.1,83
0.1,88
0.1,89
0.1,94
0.1,96
0.1,39
0.1,35
0.1,58
0.1,70
0.1,71
0.1,80
0.1,74
0.1,82
0.1,86
0.1,82
0.1,84
0.1,85
0.1,89
0.1,86
0.1,95
0.1,33
0.1,33
0.1,67
0.1,71
0.1,62
0.1,74
0.1,78
0.1,76
0.1,77
0.1,74
0.1,84
0.1,77
0.1,79
0.1,88
0.1,74
0.1,86
0.1,92
0.1,98
0.1,39
0.1,40
0.1,68
0.1,67
0.1,70
0.1,81
0.1,81
0.1,86
0.1,86
0.1,89
0.1,83
0.1,86
0.1,93
0.1,86
0.1,93
0.1,29
0.1,33
0.1,60
0.1,62
0.1,70
0.1,69
0.1,78
0.1,81
0.1,77
0.1,81
0.1,84
0.1,87
0.1,87
0.1,85
0.1,90
0.1,83
0.1,95
0.1,96
0.1,35
0.1,38
0.1,70
0.1,76
0.1,80
0.1,78
0.1,76
0.1,78
0.1,87
0.1,91
0.1,88
0.1,92
0.1,88
0.1,94
0.1,99
0.2,59
0.2,56
0.2,129
0.2,131
0.2,138
0.2,133
0.2,138
0.2,141
0.2,145
0.2,159
0.2,148
0.2,152
0.2,168
0.2,160
0.2,174
0.2,179
0.2,157
0.2,196
0.2,70
0.2,66
0.2,138
0.2,152
0.2,145
0.2,157
0.2,160
0.2,166
0.2,171
0.2,175
0.2,178
0.2,180
0.2,181
0.2,195
0.2,199
0.2,58
0.2,60
0.2,131
0.2,134
0.2,143
0.2,145
0.2,145
0.2,140
0.2,148
0.2,156
0.2,153
0.2,162
0.2,164
0.2,176
0.2,178
0.2,176
0.2,167
0.2,189
0.2,67
0.2,68
0.2,126
0.2,134
0.2,144
0.2,148
0.2,151
0.2,156
0.2,160
0.2,169
0.2,168
0.2,175
0.2,176
0.2,176
0.2,185
0.2,55
0.2,58
0.2,131
0.2,127
0.2,125
0.2,136
0.2,132
0.2,142
0.2,150
0.2,153
0.2,158
0.2,158
0.2,167
0.2,175
0.2,169
0.2,179
0.2,185
0.2,187
0.2,67
0.2,65
0.2,124
0.2,141
0.2,146
0.2,154
0.2,135
0.2,156
0.2,159
0.2,171
0.2,171
0.2,166
0.2,185
0.2,183
0.2,195
0.3,83
0.3,86
0.3,204
0.3,198
0.3,193
0.3,212
0.3,218
0.3,220
0.3,220
0.3,224
0.3,235
0.3,243
0.3,242
0.3,261
0.3,270
0.3,262
0.3,284
0.3,295
0.3,101
0.3,100
0.3,201
0.3,215
0.3,212
0.3,234
0.3,238
0.3,254
0.3,260
0.3,235
0.3,267
0.3,258
0.3,270
0.3,292
0.3,291
0.3,81
0.3,85
0.3,207
0.3,194
0.3,206
0.3,214
0.3,223
0.3,217
0.3,231
0.3,233
0.3,241
0.3,242
0.3,252
0.3,244
0.3,244
0.3,220
0.3,246
0.3,285
0.3,86
0.3,94
0.3,176
0.3,210
0.3,219
0.3,231
0.3,234
0.3,222
0.3,243
0.3,242
0.3,257
0.3,255
0.3,268
0.3,276
0.3,285
0.3,80
0.3,73
0.3,181
0.3,183
0.3,195
0.3,196
0.3,223
0.3,212
0.3,235
0.3,234
0.3,238
0.3,249
0.3,249
0.3,247
0.3,255
0.3,257
0.3,273
0.3,289
0.3,95
0.3,99
0.3,190
0.3,215
0.3,219
0.3,169
0.3,218
0.3,231
0.3,245
0.3,226
0.3,241
0.3,248
0.3,251
0.3,270
0.3,272
0.4,99
0.4,100
0.4,247
0.4,253
0.4,246
0.4,260
0.4,279
0.4,292
0.4,294
0.4,293
0.4,310
0.4,327
0.4,335
0.4,337
0.4,340
0.4,322
0.4,341
0.4,368
0.4,123
0.4,125
0.4,226
0.4,271
0.4,290
0.4,298
0.4,299
0.4,312
0.4,325
0.4,327
0.4,334
0.4,348
0.4,343
0.4,359
0.4,366
0.4,104
0.4,106
0.4,241
0.4,253
0.4,256
0.4,268
0.4,284
0.4,300
0.4,294
0.4,302
0.4,317
0.4,330
0.4,328
0.4,333
0.4,347
0.4,347
0.4,361
0.4,391
0.4,130
0.4,134
0.4,276
0.4,300
0.4,314
0.4,321
0.4,322
0.4,332
0.4,345
0.4,349
0.4,359
0.4,360
0.4,377
0.4,396
0.4,406
0.4,107
0.4,109
0.4,266
0.4,273
0.4,253
0.4,286
0.4,307
0.4,307
0.4,311
0.4,313
0.4,316
0.4,306
0.4,324
0.4,340
0.4,285
0.4,258
0.4,341
0.4,361
0.4,134
0.4,130
0.4,236
0.4,283
0.4,287
0.4,292
0.4,298
0.4,310
0.4,313
0.4,323
0.4,322
0.4,316
0.4,352
0.4,354
0.4,379
0.5,122
0.5,126
0.5,295
0.5,308
0.5,323
0.5,319
0.5,335
0.5,328
0.5,321
0.5,358
0.5,376
0.5,395
0.5,402
0.5,403
0.5,394
0.5,425
0.5,441
0.5,445
0.5,151
0.5,155
0.5,315
0.5,334
0.5,349
0.5,354
0.5,350
0.5,376
0.5,388
0.5,397
0.5,395
0.5,425
0.5,421
0.5,458
0.5,474
0.5,126
0.5,121
0.5,287
0.5,311
0.5,302
0.5,343
0.5,353
0.5,371
0.5,380
0.5,368
0.5,268
0.5,370
0.5,389
0.5,364
0.5,398
0.5,444
0.5,431
0.5,459
0.5,146
0.5,148
0.5,293
0.5,324
0.5,353
0.5,352
0.5,372
0.5,372
0.5,287
0.5,353
0.5,396
0.5,411
0.5,423
0.5,448
0.5,467
0.5,122
0.5,125
0.5,311
0.5,321
0.5,302
0.5,343
0.5,339
0.5,340
0.5,354
0.5,370
0.5,383
0.5,390
0.5,392
0.5,431
0.5,421
0.5,438
0.5,463
0.5,471
0.5,151
0.5,153
0.5,317
0.5,342
0.5,261
0.5,356
0.5,384
0.5,382
0.5,386
0.5,394
0.5,424
0.5,435
0.5,422
0.5,427
0.5,450
0.6,144
0.6,147
0.6,349
0.6,358
0.6,398
0.6,400
0.6,406
0.6,425
0.6,438
0.6,433
0.6,465
0.6,456
0.6,479
0.6,498
0.6,501
0.6,525
0.6,555
0.6,580
0.6,188
0.6,177
0.6,275
0.6,398
0.6,405
0.6,425
0.6,435
0.6,450
0.6,465
0.6,477
0.6,485
0.6,489
0.6,522
0.6,518
0.6,547
0.6,142
0.6,144
0.6,364
0.6,355
0.6,386
0.6,395
0.6,392
0.6,427
0.6,432
0.6,450
0.6,457
0.6,475
0.6,495
0.6,502
0.6,499
0.6,511
0.6,545
0.6,575
0.6,179
0.6,183
0.6,360
0.6,410
0.6,432
0.6,406
0.6,425
0.6,444
0.6,465
0.6,495
0.6,492
0.6,527
0.6,541
0.6,558
0.6,558
0.6,150
0.6,149
0.6,371
0.6,389
0.6,407
0.6,401
0.6,423
0.6,385
0.6,446
0.6,453
0.6,456
0.6,469
0.6,484
0.6,495
0.6,527
0.6,527
0.6,545
0.6,556
0.6,188
0.6,181
0.6,398
0.6,426
0.6,437
0.6,443
0.6,475
0.6,474
0.6,480
0.6,413
0.6,502
0.6,514
0.6,534
0.6,534
0.6,563
0.7,169
0.7,176
0.7,422
0.7,468
0.7,467
0.7,493
0.7,491
0.7,494
0.7,499
0.7,492
0.7,515
0.7,544
0.7,528
0.7,570
0.7,593
0.7,609
0.7,616
0.7,657
0.7,214
0.7,212
0.7,440
0.7,485
0.7,476
0.7,501
0.7,525
0.7,559
0.7,561
0.7,575
0.7,601
0.7,612
0.7,622
0.7,655
0.7,685
0.7,180
0.7,175
0.7,448
0.7,446
0.7,447
0.7,451
0.7,476
0.7,492
0.7,493
0.7,536
0.7,559
0.7,566
0.7,565
0.7,565
0.7,593
0.7,612
0.7,649
0.7,686
0.7,219
0.7,221
0.7,459
0.7,502
0.7,511
0.7,514
0.7,540
0.7,556
0.7,559
0.7,581
0.7,590
0.7,593
0.7,625
0.7,655
0.7,690
0.7,181
0.7,178
0.7,451
0.7,456
0.7,436
0.7,507
0.7,511
0.7,516
0.7,526
0.7,545
0.7,552
0.7,564
0.7,592
0.7,584
0.7,610
0.7,624
0.7,666
0.7,682
0.7,211
0.7,222
0.7,447
0.7,494
0.7,514
0.7,524
0.7,552
0.7,549
0.7,580
0.7,598
0.7,616
0.7,619
0.7,624
0.7,662
0.7,661
0.8,197
0.8,191
0.8,478
0.8,492
0.8,517
0.8,560
0.8,559
0.8,594
0.8,608
0.8,617
0.8,627
0.8,654
0.8,635
0.8,685
0.8,684
0.8,712
0.8,739
0.8,774
0.8,251
0.8,250
0.8,516
0.8,577
0.8,602
0.8,630
0.8,610
0.8,654
0.8,650
0.8,650
0.8,693
0.8,715
0.8,713
0.8,740
0.8,789
0.8,200
0.8,202
0.8,522
0.8,516
0.8,518
0.8,550
0.8,584
0.8,588
0.8,598
0.8,612
0.8,625
0.8,653
0.8,671
0.8,681
0.8,712
0.8,722
0.8,742
0.8,778
0.8,246
0.8,252
0.8,525
0.8,584
0.8,592
0.8,613
0.8,629
0.8,652
0.8,666
0.8,681
0.8,700
0.8,684
0.8,729
0.8,762
0.8,780
0.8,199
0.8,200
0.8,528
0.8,532
0.8,548
0.8,563
0.8,576
0.8,598
0.8,592
0.8,620
0.8,626
0.8,657
0.8,661
0.8,685
0.8,664
0.8,688
0.8,712
0.8,751
0.8,243
0.8,250
0.8,497
0.8,543
0.8,563
0.8,596
0.8,582
0.8,616
0.8,646
0.8,653
0.8,663
0.8,636
0.8,688
0.8,700
0.8,769
0.9,200
0.9,216
0.9,546
0.9,544
0.9,542
0.9,586
0.9,622
0.9,655
0.9,686
0.9,683
0.9,706
0.9,711
0.9,733
0.9,772
0.9,799
0.9,819
0.9,834
0.9,885
0.9,281
0.9,286
0.9,578
0.9,618
0.9,631
0.9,656
0.9,639
0.9,664
0.9,708
0.9,678
0.9,730
0.9,735
0.9,744
0.9,777
0.9,846
0.9,213
0.9,217
0.9,503
0.9,556
0.9,556
0.9,566
0.9,572
0.9,607
0.9,665
0.9,709
0.9,708
0.9,689
0.9,716
0.9,752
0.9,722
0.9,745
0.9,706
0.9,830
0.9,265
0.9,260
0.9,591
0.9,636
0.9,658
0.9,709
0.9,713
0.9,756
0.9,759
0.9,790
0.9,787
0.9,837
0.9,868
0.9,895
0.9,946
0.9,231
0.9,225
0.9,588
0.9,621
0.9,652
0.9,658
0.9,681
0.9,708
0.9,716
0.9,729
0.9,750
0.9,753
0.9,789
0.9,823
0.9,835
0.9,854
0.9,868
0.9,887
0.9,292
0.9,293
0.9,625
0.9,685
0.9,693
0.9,684
0.9,726
0.9,758
0.9,776
0.9,810
0.9,793
0.9,818
0.9,847
0.9,861
0.9,925
1.0,232
1.0,242
1.0,576
1.0,612
1.0,663
1.0,695
1.0,767
1.0,763
1.0,797
1.0,793
1.0,783
1.0,814
1.0,869
1.0,905
1.0,922
1.0,962
1.0,971
1.0,1038
1.0,336
1.0,333
1.0,670
1.0,754
1.0,776
1.0,780
1.0,821
1.0,856
1.0,869
1.0,878
1.0,915
1.0,943
1.0,949
1.0,966
1.0,1048
1.0,251
1.0,247
1.0,672
1.0,654
1.0,698
1.0,737
1.0,772
1.0,768
1.0,790
1.0,828
1.0,828
1.0,861
1.0,873
1.0,901
1.0,930
1.0,960
1.0,978
1.0,1025
1.0,328
1.0,333
1.0,697
1.0,745
1.0,759
1.0,759
1.0,801
1.0,838
1.0,855
1.0,884
1.0,882
1.0,883
1.0,832
1.0,920
1.0,924
1.0,247
1.0,257
1.0,674
1.0,666
1.0,647
1.0,667
1.0,679
1.0,725
1.0,728
1.0,754
1.0,782
1.0,788
1.0,833
1.0,701
1.0,724
1.0,828
1.0,891
1.0,944
1.0,295
1.0,295
1.0,630
1.0,692
1.0,707
1.0,738
1.0,759
1.0,761
1.0,799
1.0,810
1.0,843
1.0,811
1.0,915
1.0,973
1.0,1018
1.1,276
1.1,275
1.1,638
1.1,661
1.1,699
1.1,758
1.1,791
1.1,814
1.1,809
1.1,811
1.1,851
1.1,887
1.1,888
1.1,866
1.1,936
1.1,928
1.1,1063
1.1,1078
1.1,340
1.1,344
1.1,690
1.1,747
1.1,781
1.1,829
1.1,823
1.1,815
1.1,862
1.1,927
1.1,965
1.1,909
1.1,959
1.1,1031
1.1,1092
1.1,257
1.1,252
1.1,655
1.1,685
1.1,705
1.1,763
1.1,776
1.1,796
1.1,795
1.1,859
1.1,834
1.1,852
1.1,900
1.1,903
1.1,923
1.1,1007
1.1,979
1.1,979
1.1,325
1.1,340
1.1,706
1.1,708
1.1,780
1.1,815
1.1,852
1.1,843
1.1,906
1.1,884
1.1,985
1.1,990
1.1,936
1.1,930
1.1,1036
1.1,260
1.1,265
1.1,665
1.1,638
1.1,682
1.1,733
1.1,776
1.1,769
1.1,735
1.1,820
1.1,837
1.1,859
1.1,860
1.1,940
1.1,967
1.1,1004
1.1,1033
1.1,990
1.1,308
1.1,320
1.1,728
1.1,764
1.1,758
1.1,777
1.1,809
1.1,808
1.1,860
1.1,918
1.1,931
1.1,947
1.1,944
1.1,993
1.1,1044
1.2,278
1.2,275
1.2,718
1.2,793
1.2,823
1.2,813
1.2,795
1.2,816
1.2,857
1.2,852
1.2,869
1.2,933
1.2,962
1.2,956
1.2,997
1.2,1038
1.2,1115
1.2,1138
1.2,370
1.2,380
1.2,784
1.2,853
1.2,878
1.2,872
1.2,940
1.2,982
1.2,957
1.2,975
1.2,1028
1.2,1036
1.2,1087
1.2,1111
1.2,1187
1.2,303
1.2,302
1.2,744
1.2,741
1.2,771
1.2,811
1.2,845
1.2,869
1.2,938
1.2,928
1.2,941
1.2,975
1.2,1018
1.2,1000
1.2,1091
1.2,1076
1.2,1126
1.2,1202
1.2,383
1.2,365
1.2,782
1.2,855
1.2,882
1.2,856
1.2,931
1.2,921
1.2,960
1.2,967
1.2,1058
1.2,1037
1.2,1065
1.2,1129
1.2,1164
1.2,290
1.2,289
1.2,758
1.2,771
1.2,776
1.2,809
1.2,866
1.2,876
1.2,881
1.2,925
1.2,947
1.2,928
1.2,1001
1.2,987
1.2,1009
1.2,1104
1.2,1183
1.2,1232
1.2,360
1.2,347
1.2,807
1.2,852
1.2,904
1.2,904
1.2,956
1.2,996
1.2,994
1.2,998
1.2,1042
1.2,1042
1.2,1078
1.2,1097
1.2,1173
1.3,275
1.3,304
1.3,790
1.3,816
1.3,906
1.3,905
1.3,940
1.3,912
1.3,943
1.3,974
1.3,1007
1.3,1090
1.3,1053
1.3,1157
1.3,1122
1.3,1159
1.3,1236
1.3,1319
1.3,425
1.3,414
1.3,828
1.3,913
1.3,923
1.3,722
1.3,1021
1.3,1027
1.3,837
1.3,974
1.3,1065
1.3,1063
1.3,1151
1.3,1176
1.3,1251
1.3,301
1.3,310
1.3,825
1.3,876
1.3,889
1.3,910
1.3,961
1.3,943
1.3,899
1.3,960
1.3,1023
1.3,1063
1.3,1059
1.3,1096
1.3,1081
1.3,1141
1.3,1189
1.3,1256
1.3,398
1.3,398
1.3,858
1.3,888
1.3,932
1.3,954
1.3,978
1.3,1018
1.3,1040
1.3,1065
1.3,1120
1.3,1148
1.3,1170
1.3,1204
1.3,1251
1.3,310
1.3,292
1.3,769
1.3,810
1.3,844
1.3,892
1.3,886
1.3,868
1.3,930
1.3,965
1.3,981
1.3,1036
1.3,1064
1.3,1051
1.3,1069
1.3,1115
1.3,1145
1.3,1173
1.3,385
1.3,392
1.3,797
1.3,891
1.3,905
1.3,932
1.3,986
1.3,1013
1.3,1087
1.3,1082
1.3,1080
1.3,1139
1.3,1177
1.3,1190
1.3,1225
1.4,320
1.4,310
1.4,833
1.4,846
1.4,930
1.4,909
1.4,993
1.4,987
1.4,1024
1.4,996
1.4,1083
1.4,1100
1.4,1118
1.4,1151
1.4,1178
1.4,1223
1.4,1265
1.4,1330
1.4,437
1.4,444
1.4,912
1.4,851
1.4,959
1.4,1012
1.4,1045
1.4,1103
1.4,1096
1.4,1187
1.4,1207
1.4,1244
1.4,1237
1.4,1290
1.4,1349
1.4,335
1.4,342
1.4,848
1.4,890
1.4,912
1.4,965
1.4,974
1.4,997
1.4,1006
1.4,1016
1.4,1075
1.4,1109
1.4,1178
1.4,1223
1.4,1235
1.4,1238
1.4,1299
1.4,1340
1.4,416
1.4,422
1.4,941
1.4,1007
1.4,1005
1.4,1044
1.4,1027
1.4,1072
1.4,1154
1.4,1142
1.4,1200
1.4,1209
1.4,1261
1.4,1293
1.4,1339
1.4,333
1.4,328
1.4,851
1.4,899
1.4,948
1.4,984
1.4,981
1.4,1012
1.4,1031
1.4,1052
1.4,1076
1.4,1098
1.4,1142
1.4,1171
1.4,1202
1.4,1237
1.4,1270
1.4,1333
1.4,423
1.4,417
1.4,899
1.4,972
1.4,1017
1.4,1044
1.4,1073
1.4,1089
1.4,1120
1.4,1170
1.4,1180
1.4,1225
1.4,1243
1.4,1308
1.4,1419
1.5,353
1.5,347
1.5,988
1.5,973
1.5,936
1.5,992
1.5,1043
1.5,1053
1.5,1063
1.5,1113
1.5,1160
1.5,1236
1.5,1227
1.5,1249
1.5,1277
1.5,1341
1.5,1457
1.5,1510
1.5,459
1.5,469
1.5,1043
1.5,1134
1.5,1084
1.5,1138
1.5,1206
1.5,1187
1.5,1222
1.5,1245
1.5,1312
1.5,1268
1.5,1251
1.5,1337
1.5,1425
1.5,347
1.5,346
1.5,890
1.5,895
1.5,962
1.5,988
1.5,1042
1.5,1132
1.5,1177
1.5,1240
1.5,1269
1.5,1242
1.5,1306
1.5,1380
1.5,1376
1.5,1407
1.5,1492
1.5,1525
1.5,492
1.5,471
1.5,1012
1.5,1110
1.5,1148
1.5,1150
1.5,1197
1.5,1159
1.5,1238
1.5,1249
1.5,1335
1.5,1329
1.5,1383
1.5,1404
1.5,1442
1.5,355
1.5,359
1.5,929
1.5,983
1.5,1022
1.5,1043
1.5,1041
1.5,1029
1.5,1091
1.5,1116
1.5,1168
1.5,1178
1.5,1222
1.5,1258
1.5,1300
1.5,1309
1.5,1380
1.5,1416
1.5,423
1.5,450
1.5,984
1.5,1027
1.5,1133
1.5,1133
1.5,1149
1.5,1195
1.5,1242
1.5,1039
1.5,1157
1.5,1159
1.5,1285
1.5,1349
1.5,1372
1.6,329
1.6,360
1.6,939
1.6,1024
1.6,909
1.6,1087
1.6,1128
1.6,1061
1.6,1150
1.6,1149
1.6,1222
1.6,1227
1.6,1245
1.6,1228
1.6,1349
1.6,1362
1.6,1409
1.6,1457
1.6,457
1.6,453
1.6,948
1.6,1078
1.6,1106
1.6,1058
1.6,1168
1.6,1197
1.6,1235
1.6,1262
1.6,1284
1.6,1320
1.6,1342
1.6,1487
1.6,1582
1.6,382
1.6,373
1.6,976
1.6,1014
1.6,1041
1.6,1071
1.6,1089
1.6,1126
1.6,1186
1.6,1183
1.6,1294
1.6,1268
1.6,1337
1.6,1160
1.6,1324
1.6,1243
1.6,1441
1.6,1402
1.6,436
1.6,458
1.6,997
1.6,1063
1.6,1108
1.6,1151
1.6,1194
1.6,1219
1.6,1263
1.6,1276
1.6,1313
1.6,1362
1.6,1404
1.6,1481
1.6,1531
1.6,363
1.6,372
1.6,944
1.6,951
1.6,1003
1.6,1020
1.6,1119
1.6,1186
1.6,1181
1.6,1223
1.6,1208
1.6,1250
1.6,1117
1.6,1230
1.6,1276
1.6,1361
1.6,1390
1.6,1464
1.6,477
1.6,451
1.6,862
1.6,1072
1.6,1120
1.6,1067
1.6,1083
1.6,1193
1.6,1280
1.6,1277
1.6,1299
1.6,1372
1.6,1405
1.6,1432
1.6,1509
1.7,382
1.7,386
1.7,1061
1.7,1036
1.7,1032
1.7,1068
1.7,1169
1.7,1208
1.7,1261
1.7,1259
1.7,1289
1.7,1373
1.7,1375
1.7,1393
1.7,1455
1.7,1510
1.7,1579
1.7,1636
1.7,515
1.7,516
1.7,1134
1.7,1192
1.7,1231
1.7,1241
1.7,1260
1.7,1307
1.7,1394
1.7,1395
1.7,1412
1.7,1456
1.7,1519
1.7,1545
1.7,1623
1.7,408
1.7,401
1.7,1068
1.7,1110
1.7,1108
1.7,1148
1.7,1186
1.7,1223
1.7,1299
1.7,1307
1.7,1314
1.7,1386
1.7,1386
1.7,1460
1.7,1552
1.7,1626
1.7,1644
1.7,1683
1.7,489
1.7,481
1.7,1126
1.7,1154
1.7,1173
1.7,1221
1.7,1294
1.7,1283
1.7,1374
1.7,1427
1.7,1456
1.7,1488
1.7,1511
1.7,1584
1.7,1625
1.7,420
1.7,403
1.7,972
1.7,1069
1.7,1050
1.7,1156
1.7,1206
1.7,1254
1.7,1223
1.7,1273
1.7,1291
1.7,1399
1.7,1348
1.7,1407
1.7,1435
1.7,1587
1.7,1587
1.7,1601
1.7,515
1.7,518
1.7,1057
1.7,1179
1.7,1204
1.7,1230
1.7,1244
1.7,1309
1.7,1356
1.7,1391
1.7,1456
1.7,1467
1.7,1509
1.7,1635
1.7,1683
1.8,375
1.8,413
1.8,1123
1.8,1027
1.8,1171
1.8,1212
1.8,1288
1.8,1325
1.8,1321
1.8,1378
1.8,1374
1.8,1403
1.8,1483
1.8,1534
1.8,1529
1.8,1567
1.8,1592
1.8,1731
1.8,547
1.8,565
1.8,1174
1.8,1251
1.8,1271
1.8,1284
1.8,1345
1.8,1374
1.8,1418
1.8,1484
1.8,1563
1.8,1543
1.8,1577
1.8,1668
1.8,1727
1.8,406
1.8,411
1.8,1137
1.8,1166
1.8,1225
1.8,1259
1.8,1242
1.8,1272
1.8,1346
1.8,1384
1.8,1382
1.8,1412
1.8,1489
1.8,1501
1.8,1497
1.8,1617
1.8,1646
1.8,1643
1.8,538
1.8,534
1.8,1119
1.8,1230
1.8,1275
1.8,1325
1.8,1379
1.8,1404
1.8,1411
1.8,1485
1.8,1527
1.8,1572
1.8,1598
1.8,1735
1.8,1832
1.8,439
1.8,440
1.8,1074
1.8,969
1.8,1114
1.8,1224
1.8,1169
1.8,1263
1.8,1313
1.8,1320
1.8,1392
1.8,1414
1.8,1370
1.8,1394
1.8,1526
1.8,1596
1.8,1648
1.8,1728
1.8,544
1.8,531
1.8,1124
1.8,1215
1.8,1227
1.8,1228
1.8,1344
1.8,1379
1.8,1382
1.8,1446
1.8,1460
1.8,1518
1.8,1560
1.8,1594
1.8,1717
1.9,432
1.9,439
1.9,1245
1.9,1255
1.9,1224
1.9,1288
1.9,1323
1.9,1368
1.9,1365
1.9,1426
1.9,1481
1.9,1456
1.9,1529
1.9,1624
1.9,1681
1.9,1782
1.9,1753
1.9,1842
1.9,590
1.9,531
1.9,1255
1.9,1291
1.9,1296
1.9,1467
1.9,1460
1.9,1496
1.9,1524
1.9,1601
1.9,1728
1.9,1695
1.9,1718
1.9,1747
1.9,1809
1.9,440
1.9,454
1.9,1159
1.9,1248
1.9,1246
1.9,1327
1.9,1382
1.9,1398
1.9,1413
1.9,1401
1.9,1460
1.9,1570
1.9,1616
1.9,1664
1.9,1655
1.9,1687
1.9,1729
1.9,1858
1.9,557
1.9,572
1.9,1229
1.9,1388
1.9,1401
1.9,1408
1.9,1414
1.9,1428
1.9,1548
1.9,1663
1.9,1563
1.9,1611
1.9,1642
1.9,1720
1.9,1842
1.9,446
1.9,445
1.9,1170
1.9,1215
1.9,1247
1.9,1327
1.9,1379
1.9,1451
1.9,1422
1.9,1549
1.9,1444
1.9,1545
1.9,1643
1.9,1578
1.9,1590
1.9,1703
1.9,1814
1.9,1850
1.9,585
1.9,574
1.9,1287
1.9,1308
1.9,1340
1.9,1389
1.9,1435
1.9,1513
1.9,1492
1.9,1574
1.9,1587
1.9,1581
1.9,1682
1.9,1896
1.9,1941
2.0,433
2.0,445
2.0,1198
2.0,1295
2.0,1299
2.0,1344
2.0,1379
2.0,1407
2.0,1473
2.0,1484
2.0,1515
2.0,1553
2.0,1612
2.0,1659
2.0,1682
2.0,1755
2.0,1859
2.0,2020
2.0,637
2.0,606
2.0,1293
2.0,1313
2.0,1390
2.0,1480
2.0,1453
2.0,1533
2.0,1553
2.0,1599
2.0,1628
2.0,1705
2.0,1812
2.0,1869
2.0,1898
2.0,465
2.0,464
2.0,1245
2.0,1281
2.0,1245
2.0,1358
2.0,1416
2.0,1403
2.0,1475
2.0,1514
2.0,1513
2.0,1574
2.0,1599
2.0,1631
2.0,1753
2.0,1825
2.0,1808
2.0,1925
2.0,594
2.0,627
2.0,1315
2.0,1356
2.0,1442
2.0,1442
2.0,1463
2.0,1576
2.0,1587
2.0,1643
2.0,1748
2.0,1835
2.0,1771
2.0,1912
2.0,1977
2.0,448
2.0,459
2.0,1045
2.0,1204
2.0,1202
2.0,1267
2.0,1338
2.0,1366
2.0,1332
2.0,1322
2.0,1446
2.0,1560
2.0,1586
2.0,1588
2.0,1695
2.0,1730
2.0,1858
2.0,1920
2.0,562
2.0,551
2.0,1262
2.0,1403
2.0,1520
2.0,1562
2.0,1637
2.0,1566
2.0,1517
2.0,1647
2.0,1656
2.0,1684
2.0,1719
2.0,1787
2.0,1875
0.1,20
0.1,19
0.1,21
0.1,18
0.1,17
0.1,20
0.1,19
0.1,20
0.1,18
0.1,17
0.1,18
0.1,14
0.1,16
0.1,16
0.1,13
0.1,15
0.1,28
0.1,26
0.1,30
0.1,30
0.1,26
0.1,28
0.1,28
0.1,28
0.1,32
0.1,29
0.1,29
0.1,31
0.1,29
0.1,26
0.1,28
0.1,31
0.1,30
0.1,31
0.1,32
0.1,35
0.1,35
0.1,35
0.1,35
0.1,37
0.1,37
0.1,38
0.1,37
0.1,35
0.1,34
0.1,36
0.1,37
0.1,35
0.1,39
0.1,38
0.1,39
0.1,40
0.1,40
0.1,39
0.1,41
0.1,40
0.1,37
0.1,37
0.1,38
0.1,34
0.1,32
0.1,34
0.1,34
0.1,33
0.1,29
0.1,33
0.1,31
0.1,32
0.1,34
0.1,30
0.1,30
0.1,27
0.1,26
0.1,29
0.1,30
0.1,31
0.1,26
0.1,30
0.1,33
0.1,32
0.1,32
0.1,37
0.1,36
0.1,32
0.1,36
0.1,37
0.1,35
0.1,33
0.1,40
0.1,38
0.1,39
0.1,38
0.1,40
0.1,38
0.1,35
0.1,40
0.1,44
0.1,44
0.1,44
0.1,43
0.1,39
0.1,41
0.1,44
0.1,44
0.1,44
0.1,36
0.1,41
0.1,34
0.1,43
0.1,44
0.1,45
0.1,37
0.1,45
0.1,40
0.1,38
0.1,48
0.1,48
0.1,46
0.1,46
0.1,45
0.1,41
0.1,40
0.1,38
0.1,37
0.1,36
0.1,41
0.1,37
0.1,31
0.1,38
0.1,41
0.1,42
0.1,40
0.1,43
0.1,43
0.1,45
0.1,44
0.1,46
0.1,45
0.1,45
0.1,44
0.1,43
0.1,40
0.1,43
0.1,42
0.1,19
0.1,19
0.1,14
0.1,19
0.1,16
0.1,22
0.1,19
0.1,19
0.1,22
0.1,24
0.1,22
0.1,21
0.1,21
0.1,23
0.1,22
0.1,22
0.1,35
0.1,35
0.1,32
0.1,35
0.1,34
0.1,35
0.1,34
0.1,37
0.1,33
0.1,29
0.1,31
0.1,31
0.1,30
0.1,32
0.1,30
0.1,29
0.1,30
0.1,30
0.1,30
0.1,29
0.1,31
0.1,32
0.1,31
0.1,31
0.1,24
